Equipment,Issue_Category,Common_Issues,Symptoms,Root_Causes,Fix_Procedures,Prevention,Parts_Required
CNC Machine,Spindle Problems,"Spindle overload, vibration, overheating","E001 error code, unusual noise, temperature rise","Tool wear, improper speeds/feeds, bearing failure",1. Check tool condition 2. Verify cutting parameters 3. Inspect spindle bearings 4. Replace worn components,"Regular tool inspection, proper parameter selection, scheduled bearing maintenance","Spindle bearings, cutting tools, coolant"
CNC Machine,Positioning Errors,"Axis positioning drift, backlash, accuracy loss","Dimensional inaccuracy, W005 warning, position deviation","Ball screw wear, encoder failure, mechanical looseness",1. Calibrate axis positioning 2. Check ball screw condition 3. Verify encoder signals 4. Tighten mechanical connections,"Regular calibration, lubrication schedule, preventive replacement","Ball screws, encoders, lubricants, coupling components"
TIG/MIG Welding Machine,Weld Quality Issues,"Porosity, excessive spatter, incomplete fusion","Poor weld appearance, gas bubbles, weak joints","Contaminated base metal, improper gas flow, wrong parameters",1. Clean base metal thoroughly 2. Check gas flow rates 3. Adjust welding parameters 4. Replace consumables,"Proper surface preparation, regular gas system maintenance, parameter optimization","Contact tips, nozzles, shielding gas, wire electrodes"
Spot Welding Machine,Electrode Problems,"Electrode wear, mushrooming, sticking","Poor weld nugget, electrode deformation, material sticking","Excessive current, contamination, improper pressure",1. Dress electrode tips 2. Adjust welding current 3. Clean electrode surfaces 4. Check clamping pressure,"Regular electrode maintenance, proper current settings, contamination control","Electrode caps, dressing tools, cleaning materials"
Forklift,Hydraulic System,"Slow lifting, jerky operation, fluid leaks","Reduced lift speed, uneven movement, visible fluid on ground","Low fluid level, worn seals, clogged filters",1. Check fluid level 2. Inspect for leaks 3. Replace hydraulic filters 4. Test system pressure,"Regular fluid level checks, seal replacement schedule, filter maintenance","Hydraulic fluid, seals, filters, hoses"
Forklift,Battery/Electrical,"Reduced runtime, charging problems, electrical faults","Short operating time, charging indicators, power loss","Battery aging, corroded connections, charger malfunction",1. Test battery capacity 2. Clean connections 3. Check charger operation 4. Replace battery cells if needed,"Regular battery maintenance, proper charging cycles, connection cleaning","Battery cells, terminals, cleaning materials, charger components"
Hydraulic System,Fluid Contamination,"Dirty fluid, water contamination, particle buildup","Discolored fluid, erratic operation, component wear","Seal failure, external contamination, degraded fluid",1. Drain contaminated fluid 2. Replace filters 3. Clean reservoir 4. Refill with clean fluid,"Regular fluid analysis, proper storage, seal maintenance","Hydraulic fluid, filters, seals, cleaning solvents"
Air Compressor,Pressure Issues,"Low discharge pressure, pressure fluctuation, air leaks","Insufficient air supply, pressure gauge readings, audible leaks","Worn valves, system leaks, clogged filters",1. Check and repair leaks 2. Replace intake valves 3. Clean air filters 4. Adjust pressure settings,"Regular leak detection, valve maintenance, filter replacement schedule","Intake/discharge valves, air filters, gaskets, sealants"
Conveyor System,Belt Problems,"Belt slippage, tracking issues, excessive wear","Belt running off center, reduced throughput, visible wear","Improper tension, misaligned pulleys, worn components",1. Adjust belt tension 2. Align pulleys 3. Replace worn rollers 4. Check belt condition,"Regular tension checks, alignment verification, component inspection","Conveyor belts, rollers, bearings, alignment tools"
Powder Coating System,Application Problems,"Poor transfer efficiency, orange peel, color variation","Uneven coating, surface texture issues, color inconsistency","Improper gun settings, contaminated powder, grounding issues",1. Calibrate gun parameters 2. Clean powder system 3. Check grounding 4. Replace filters,"Regular gun maintenance, powder handling procedures, system cleaning","Gun electrodes, filters, powder hoses, grounding equipment"
Drying Oven,Temperature Control,"Temperature drift, uneven heating, overheating","Incorrect temperature readings, hot spots, thermal runaway","Sensor failure, heating element issues, controller malfunction",1. Calibrate temperature sensors 2. Test heating elements 3. Check controller settings 4. Inspect insulation,"Regular calibration, element inspection, controller maintenance","Temperature sensors, heating elements, controllers, insulation"
Adhesive Dispense System,Dispense Accuracy,"Volume variation, dripping, clogged nozzles","Inconsistent bead size, adhesive waste, blocked flow","Nozzle wear, pressure fluctuation, adhesive contamination",1. Replace nozzles 2. Calibrate pressure 3. Purge system 4. Clean adhesive lines,"Regular nozzle replacement, pressure monitoring, system purging","Dispensing nozzles, pressure sensors, cleaning solvents, adhesive"
