Equipment_Name,Category,Manual_Type,Log_Format,Key_Log_Files,Maintenance_Logs,Historical_Data,Fix_Documentation
CNC Machine,Machining,Operation and Programming Manual,Digital CSV/LOG files,"NCSAMP.CSV (sampling data), ALLLOG.LOG (all logs), KEYLOG.LOG (key logs), TOUCHLOG.LOG (touchscreen logs)","Parameter changes, tool usage, alarm history, cycle times","Machine runtime hours, part count, tool life tracking, error frequencies","Error codes with solutions, maintenance procedures, calibration records"
TIG/MIG Welding Machine,Welding,User Manual and Operation Guide,Physical logbooks and digital records,"Welding parameter logs, consumable usage, electrode tracking","Gas flow rates, arc time, power consumption, torch maintenance","Weld schedules, quality records, electrode life, gas consumption","Troubleshooting guides, spatter reduction, porosity fixes, penetration issues"
Spot Welding Machine,Welding,Maintenance and Operation Manual,Preventive maintenance checklists and logs,"Electrode condition logs, weld schedule records, maintenance checklists","Electrode wear tracking, cooling system checks, electrical connections","Weld count, electrode replacement history, pressure settings","Electrode maintenance, cooling system repairs, electrical troubleshooting"
Forklift,Material Handling,Operation and Maintenance Manual,Digital and paper-based checklists,"Daily inspection logs, maintenance schedules, operation hours tracking","Engine/battery checks, hydraulic system, mast function, tire condition","Operating hours, fuel/battery consumption, maintenance intervals","OSHA compliance checklists, repair procedures, parts replacement guides"
Hydraulic System,Power Systems,System Documentation and Maintenance Manual,Maintenance logs with daily/weekly/monthly schedules,"Fluid level logs, pressure readings, temperature monitoring, filter logs","Oil analysis, filter replacements, hose inspections, seal conditions","Fluid change intervals, component replacement history, system pressure trends","Troubleshooting charts, preventive maintenance procedures, component specifications"
Air Compressor,Pneumatic Systems,Operation and Maintenance Manual,Maintenance logs with troubleshooting charts,"Oil level logs, filter condition, pressure readings, temperature monitoring","Oil changes, belt tension, air filter replacement, cooling system","Operating hours, oil consumption, filter replacement intervals, pressure trends","Troubleshooting charts with symptoms and corrections, maintenance schedules"
Conveyor System,Material Handling,Installation and Maintenance Manual,Comprehensive maintenance schedules and checklists,"Daily/weekly/monthly inspection logs, component replacement records","Belt condition, roller bearings, motor checks, electrical components","Belt replacement history, motor runtime, bearing lubrication schedules","Belt tracking procedures, component replacement guides, safety protocols"
Powder Coating System,Surface Treatment,Equipment Maintenance Manual and Checklist,Maintenance checklists with daily/weekly/monthly tasks,"Gun maintenance logs, booth cleaning records, powder usage tracking","Filter replacements, booth cleaning, gun calibration, powder recovery","Powder consumption, gun performance, filter life, booth efficiency","Gun troubleshooting, booth maintenance procedures, powder handling guidelines"
Paint Sprayer,Surface Treatment,Operation Manual and Maintenance Guide,Equipment maintenance logs and usage records,"Spray pattern logs, pressure settings, material usage, cleaning records","Nozzle condition, filter cleaning, pump maintenance, hose inspection","Paint consumption, nozzle replacement, pump runtime, pressure trends","Spray pattern troubleshooting, pump repair procedures, nozzle selection guides"
Drying Oven,Thermal Processing,Operating Manual and Safety Guide,Temperature logs and maintenance records,"Temperature profiles, cycle times, energy consumption, safety checks","Heating element condition, fan operation, door seals, control calibration","Operating hours, temperature stability, energy usage, cycle efficiency","Temperature control troubleshooting, heating element replacement, safety procedures"
Adhesive Dispense System,Assembly,User Guide and Maintenance Manual,Dispense logs and maintenance schedules,"Dispense volume logs, pressure settings, temperature control, nozzle condition","Pump maintenance, filter cleaning, nozzle replacement, system purging","Adhesive consumption, dispense accuracy, system uptime, component life","Dispense troubleshooting, pump repair guides, nozzle maintenance procedures"
