Source_Category,Website_Name,URL,Description,Equipment_Coverage,Format,Features
Free Manual Libraries,ManualsLib,https://www.manualslib.com,Free library of over 9.4 million product manuals with no sign-up required,"All types - Electronics, Appliances, Industrial Equipment, Automotive","PDF downloads, online viewing","Search by brand, model, category. Social sharing capability"
Free Manual Libraries,Manuals.Plus,https://manuals.plus,Comprehensive free online manuals and user guides,"Electronics, Home Appliances, Automotive, Software Applications","PDF downloads, online viewing","User-friendly interface, categorized by brand and product type"
Free Manual Libraries,ServiceManuals.net,https://www.servicemanuals.net,"Over 400,000 service manuals for appliances and consumer electronics","Appliances, Consumer Electronics, Service Documentation","PDF downloads, printed copies available","Commercial digital scanning, high quality reproductions"
CNC/Machining Equipment,CNC Manual,https://cncmanual.com,Dedicated CNC programming manuals and user guides,"CNC Machines, Programming Manuals, Operation Guides",PDF downloads without limits,"Unlimited device access, comprehensive CNC documentation"
Industrial Automation,Siemens Industry Support,https://support.industry.siemens.com,Complete Siemens industrial equipment documentation,"PLCs, Drives, HMIs, Industrial Control Panels, Circuit Breakers","PDF manuals, technical documentation","Technical support, troubleshooting guides, equipment manuals"
Industrial Automation,ABB Library,https://library.e.abb.com,ABB technical documentation and manuals,"Drives, Motors, Switchgear, Protection Equipment, Installation Handbooks","PDF downloads, technical specifications","User manuals, installation guides, technical data sheets"
Hydraulic Systems,Bosch Rexroth Manuals,https://www.boschrexroth.com/en/us/downloads/manuals/,Complete Bosch Rexroth hydraulic system documentation,"Hydraulic Pumps, Valves, Cylinders, Power Units, Training Materials","PDF manuals, commissioning guides","Material number search, product name search, document editions"
Welding Equipment,Miller Welds Manuals,https://www.millerwelds.com/support/manuals-and-parts,Complete Miller welding equipment documentation,"TIG/MIG Welders, Plasma Cutters, Engine Drives, Accessories",PDF manuals searchable by serial number,"Serial number lookup, parts lists, troubleshooting guides"
Welding Equipment,ESAB Manual Finder,https://manuals.esab.com,Global ESAB welding equipment manual repository,"Welding Machines, Cutting Equipment, Consumables, Safety Data Sheets","PDF downloads, service publications","Product name search, document number search, global access"
Material Handling,JLG Direct Access Manuals,https://www.jlg.com/en/directaccess/service-operator-parts-manuals,Complete JLG aerial work platform documentation,"Aerial Lifts, Telehandlers, Scissor Lifts, Boom Lifts","PDF downloads, online viewing","Service manuals, operator manuals, parts manuals, inspection forms"
Government/Standards,NIST Publications,https://www.nist.gov/publications,National Institute of Standards and Technology publications database,"Technical Standards, Measurement Guidelines, Safety Protocols","PDF publications, technical reports","Special Publication 800 series, technical guidelines, free access"
Government/Standards,IEEE Standards,https://standards.ieee.org,Institute of Electrical and Electronics Engineers standards,"Electrical Systems, Power Equipment, Industrial Automation, Safety","PDF standards, technical documents","Power switchgear standards, substation guidelines, relay systems"
Environmental/Test Equipment,Geotech Environmental Manuals,https://www.geotechenv.com/enviro_equipment_manuals.html,Environmental monitoring equipment manuals,"Water Quality Meters, Gas Detectors, Sampling Equipment, Analyzers",Free PDF downloads,"Manufacturer-specific manuals, current documentation, Adobe Reader required"
Test Equipment,Tektronix Downloads,https://www.tek.com/en/support/datasheets-manuals-software-downloads,Tektronix test and measurement equipment documentation,"Oscilloscopes, Signal Generators, Multimeters, Network Analyzers","PDF manuals, software downloads","Product datasheets, firmware, drivers, current and discontinued products"
Process Control,KROHNE Download Center,https://www.krohne.com/en/downloads,KROHNE process instrumentation documentation,"Flow Meters, Level Instruments, Pressure Transmitters, Analytics","PDF manuals, software, certificates","Product category search, serial number lookup, certificate downloads"
